Company,Segment,HQ_region,Likely_titles,Person_name,Email,LinkedIn_URL,Why_they_fit,Suggested_angle,Demo_CTA,Source_URL,Priority
Biocon Biologics,India Biosimilar Mfr,India (US commercial: Bridgewater NJ),Head of North America; US Market Access; Biosimilar Brand Lead (Semglee/Hulio/Yesintek); HEOR,Joshua Salsi,Unknown,https://www.linkedin.com/in/joshua-salsi-4b73936,"Purple Book applicant Biocon Biologics Inc.: Semglee (interchangeable insulin glargine), Hulio (adalimumab), Yesintek (ustekinumab), Yesafili (aflibercept), Bosaya/Aukelso (denosumab)—strong Part D–relevant diabetes/immunology footprint post-Viatris NA transition.",Cheaper than IQVIA for US Part D HCP targeting / conversion after formulary win—map who still scripts Lantus/Humira/Stelara reference brands.,Watch 3-min PurpleGap demo: US Medicare Part D conversion map for biosimilar exporters.,https://bioconbiologicsus.com/; https://purplebooksearch.fda.gov/,A
Biocon Biologics,India Biosimilar Mfr,India (US commercial: Bridgewater NJ),US Market Access Lead; Payer Contracting; BD US Partners,Unknown,Unknown,https://www.linkedin.com/company/bioconbiologics,Integrated US commercial biosimilar portfolio (insulin + immunology). Needs Part D prescriber conversion intel after formulary wins—not just claims share decks.,Part D conversion map after formulary win: who still scripts the reference brand in Medicare.,15-min walkthrough of PurpleGap demo video for Semglee/Hulio/Yesintek conversion targeting.,https://www.bioconbiologics.com/biocon-biologics-obtains-u-s-fda-approval-for-biosimilar-aflibercept-for-yesafili-enters-u-s-ophthalmology-market/,A
Celltrion USA (Celltrion Inc.),Korea Biosimilar Mfr,South Korea (US: New Jersey),Director Market Access; VP Strategic Payor; Biosimilar Brand Lead (Yuflyma/Omlyclo/Steqeyma),Hannah Yoo,Unknown,https://www.linkedin.com/in/hannah-yoo-734b33158,"Purple Book: CELLTRION Inc. — Yuflyma (adalimumab interchangeable), Omlyclo (omalizumab interchangeable), Steqeyma (ustekinumab), plus denosumab Stoboclo/Osenvelt. Celltrion USA commercializes in US; Part D–relevant immunology/allergy.",Cheaper than IQVIA for Part D HCP conversion after formulary win—who still scripts Humira/Xolair/Stelara.,Share PurpleGap demo video: CMS Part D prescriber map + Purple Book freshness for Yuflyma/Omlyclo pull-through.,https://www.biospace.com/press-releases/u-s-fda-approves-celltrions-omlyclo-omalizumab-igec-as-the-first-and-only-biosimilar-with-interchangeability-designation-referencing-xolair; https://purplebooksearch.fda.gov/,A
Celltrion USA (Celltrion Inc.),Korea Biosimilar Mfr,South Korea (US: New Jersey),VP Strategic Payor / Employer Health Plans; US Market Access; HEOR,Unknown,Unknown,https://www.linkedin.com/company/celltrionusa,Broad FDA biosimilar slate commercialized via Celltrion USA (Inflectra heritage + Yuflyma/Omlyclo/Steqeyma). Exporter needing US Part D conversion targeting after PBM wins.,US Medicare Part D conversion map for biosimilar exporters — who still scripts the reference brand.,Book a short PurpleGap demo-video review with US market access / brand lead.,https://www.prnewswire.com/news-releases/celltrion-announces-us-fda-approval-of-300mg-strength-of-omlyclo-omalizumab-igec-the-first-and-only-fda-approved-interchangeable-biosimilar-to-xolair-302631123.html,A
Samsung Bioepis,Korea Biosimilar Mfr,South Korea,US Partner BD; Global Commercial / Market Access; HEOR; Biosimilar Portfolio Lead,Unknown,Unknown,https://www.linkedin.com/company/samsungbioepis,"Purple Book: Hadlima (adalimumab, Organon US), Pyzchiva (ustekinumab), Byooviz/Opuviz (ophthalmology partners), Renflexis/Ontruzant. Strong US path via partners; needs Part D conversion intel for immunology launches.",Cheaper than IQVIA for US Part D HCP targeting after formulary win—support Organon/Harrow partners with conversion maps.,Demo video: Part D conversion map for Hadlima/Pyzchiva reference-brand holdouts.,https://www.organon.com/news/us-food-and-drug-administration-fda-grants-interchangeability-designation-to-samsung-bioepis-and-organon-hadlima-adalimumab-bwwd-injection/; https://purplebooksearch.fda.gov/,A
Organon,US Commercial Partner,USA (Jersey City NJ); partners Samsung Bioepis / Henlius,Head US Biosimilar Business Unit; US Brand Lead Biosimilars; Market Access AVP,Jon Martin,Unknown,https://www.linkedin.com/in/jon-martin-3256b68,US commercial lead for Samsung Bioepis Hadlima; Organon also US partner on Henlius Bildyos/Bilprevda (denosumab) and Poherdy. Direct owner of Part D conversion after formulary win.,Cheaper than IQVIA for Part D HCP conversion after Hadlima/Bildyos formulary wins.,3-min PurpleGap demo: who still scripts Humira/Prolia in Medicare Part D after your win.,https://www.organon.com/news/us-food-and-drug-administration-fda-grants-interchangeability-designation-to-samsung-bioepis-and-organon-hadlima-adalimumab-bwwd-injection/; https://www.prnewswire.com/apac/news-releases/us-food-and-drug-administration-fda-approves-henlius-and-organons-bildyos-denosumab-nxxp-and-bilprevda-denosumab-nxxp-biosimilars-to-prolia-denosumab-and-xgeva-denosumab-respectively-302543830.html,A
Organon,US Commercial Partner,USA (Jersey City NJ),US Market Access & Account Management; HEOR Biosimilars; Payer Contracting,Unknown,Unknown,https://www.linkedin.com/company/organon,Commercializes multiple ex-US–origin biosimilars in US (Samsung Hadlima; Henlius denosumab). Ideal buyer of Part D conversion maps post-formulary.,Part D conversion map for biosimilar exporters' US partners — cheaper alternative to IQVIA-style HCP targeting.,Send PurpleGap demo video to US biosimilars market access team.,https://www.businesswire.com/news/home/20230701610293/en/Organon-Samsung-Bioepis-Announce-US-Launch-of-HUMIRA-Biosimilar-HADLIMA-adalimumab-bwwd-in-Multiple-Presentations-Consistent-with-Originator,A
Sandoz (Novartis),EU Biosimilar Mfr,Switzerland / EU (US: Sandoz Inc.),US Market Access Biosimilars; Brand Lead Hyrimoz/Jubbonti; HEOR; BD,Unknown,Unknown,https://www.linkedin.com/company/sandoz,"Purple Book applicant Sandoz Inc.: Hyrimoz (adalimumab), Jubbonti/Wyost (denosumab interchangeable), Tyruko, Zarxio, Ziextenzo, Enzeevu. Core Part D–relevant immunology/bone portfolio.",US Medicare Part D conversion map — who still scripts Humira/Prolia after formulary win; cheaper than IQVIA for HCP targeting.,Watch PurpleGap demo video for Hyrimoz/Jubbonti Part D conversion targeting.,https://purplebooksearch.fda.gov/; https://web.archive.org/web/20241008054219/https://www.fda.gov/drugs/biosimilars/biosimilar-product-information,A
Fresenius Kabi USA,EU Biosimilar Mfr,Germany (US: Lake Zurich / biosimilars commercial),Global/US Market Access Biosimilars; Brand Lead Idacio/Otulfi; HEOR; BD US,Unknown,Unknown,https://www.linkedin.com/company/fresenius-kabi,"Purple Book: Idacio (adalimumab), Otulfi (ustekinumab), Stimufend, Tyenne, Conexxence/Bomyntra (denosumab). Also US commercial path on Dr Reddy rituximab. Strong specialty + Part D immunology.",Cheaper than IQVIA for Part D HCP conversion after Idacio/Otulfi formulary wins.,PurpleGap demo: CMS Part D prescribers still on reference brand post-formulary.,https://biosimilars.fresenius-kabi.com/portfolio/products; https://purplebooksearch.fda.gov/,A
Alvotech,EU Biosimilar Mfr,Iceland (US: Alvotech USA Inc.),US Partner BD (Teva); Market Access; Biosimilar Brand Lead Simlandi/Selarsdi; HEOR,Unknown,Unknown,https://www.linkedin.com/company/alvotechhf,"Purple Book: Alvotech USA Inc. — Simlandi (adalimumab interchangeable), Selarsdi (ustekinumab). Teva US commercialization partner. Classic ex-US developer + US partner model for Part D conversion.",US Medicare Part D conversion map for biosimilar exporters — who still scripts Humira/Stelara.,Share demo video with Teva US commercial + Alvotech BD for Selarsdi/Simlandi pull-through.,https://www.biospace.com/press-releases/teva-and-alvotech-announce-selarsdi-ustekinumab-aekn-injection-now-available-in-the-u-s; https://purplebooksearch.fda.gov/,A
Teva Pharmaceuticals,US Commercial Partner,Israel (US commercial partner for Alvotech; own Ponlimsi),US Biosimilars Brand Lead; Market Access; HEOR; BD Partnerships,Unknown,Unknown,https://www.linkedin.com/company/teva-pharmaceuticals,US commercializes Alvotech Simlandi/Selarsdi; Purple Book also lists Teva Ponlimsi (denosumab). Direct need for Part D conversion targeting after formulary wins.,Cheaper than IQVIA for Part D HCP targeting / conversion after Simlandi/Selarsdi formulary win.,PurpleGap demo video for US biosimilars market access — Part D reference-brand holdouts.,https://www.biospace.com/press-releases/teva-and-alvotech-announce-selarsdi-ustekinumab-aekn-injection-now-available-in-the-u-s; https://purplebooksearch.fda.gov/,A
Amneal Pharmaceuticals,US Commercial Partner,USA (complex generics/biosimilars; mAbxience partner on denosumab),Biosciences Market Access; Biosimilar Brand Lead Boncresa/Oziltus; HEOR; BD,Unknown,Unknown,https://www.linkedin.com/company/amneal-pharmaceuticals,"Purple Book: Boncresa/Oziltus (denosumab-mobz interchangeable, Dec 2025) with mAbxience; Alymsys (bevacizumab). Expanding biosimilars/complex generics with US commercial muscle—needs Part D conversion maps for Prolia path.",Part D conversion map after formulary win for Boncresa—who still scripts Prolia.,Watch PurpleGap demo: Medicare Part D conversion targeting for new denosumab biosimilars.,https://biologicshq.com/product/boncresa-oziltus/; https://amneal.com/products-biosciences/; https://purplebooksearch.fda.gov/,A
Hikma Pharmaceuticals USA,EU Biosimilar Mfr,Jordan / UK (US: Hikma Pharmaceuticals USA Inc.),US Market Access; Biosimilar Brand Lead Enoby/Starjemza; BD; HEOR,Unknown,Unknown,https://www.linkedin.com/company/hikma-pharmaceuticals,Purple Book: Enoby/Xtrenbo (denosumab). Also US commercial partner for Bio-Thera Starjemza (ustekinumab)—Part D–relevant Stelara competitor.,Cheaper than IQVIA for Part D HCP conversion after Starjemza/Enoby formulary wins.,PurpleGap demo video: who still scripts Stelara/Prolia in Medicare Part D.,https://www.hikma.com/news/bio-thera-solutions-and-hikma-pharmaceuticals-announce-fda-approval-of-starjemza-ustekinumab-hmny-injection-a-biosimilar-referencing-stelara-ustekinumab-injection/; https://www.accessdata.fda.gov/drugsatfda_docs/appletter/2025/761439Orig1s000ltr.pdf,A
Dr. Reddy's Laboratories,India Biosimilar Mfr,India,US BD / Partner Management; Biosimilar Commercial Strategy; Market Access (via partners); HEOR,Unknown,Unknown,https://www.linkedin.com/company/dr-reddy's-laboratories,"Purple Book: Dr. Reddy's Laboratories SA — Zimrixby (rituximab). Late-stage US pipeline includes abatacept BLA acceptance. US path confirmed; commercial often via partners (e.g., Fresenius Kabi for rituximab). Fit for BD/partner conversion enablement—note rituximab is often Part B infused (not hero).",US Part D conversion map for pipeline immunology biosimilars + partner enablement; cheaper than IQVIA for HCP targeting.,Demo video for US BD / partner teams: Part D conversion intel for biosimilar exporters.,https://www.pearceip.law/2026/08/01/dr-reddys-biosimilar-to-genentechs-rituxan-rituximab-us-approved-following-2024-settlement-and-fda-crl/; https://www.drreddys.com/cms/sites/default/files/2026-02/FinalPressRelease_USFDAAcceptsAbataceptFiling2_19_26vrsn4.pdf; https://purplebooksearch.fda.gov/,B
Accord BioPharma (Intas),India Biosimilar Mfr,"India (US: Accord BioPharma, Raleigh NC)",US Market Access; Biosimilar Brand Lead (Udenyca/Immgolis); HEOR; BD,Unknown,Unknown,https://www.linkedin.com/company/accord-biopharma,"Purple Book applicant Accord BioPharma Inc.: Udenyca franchise (acquired from Coherus), Immgolis, Hercessi, Imuldosa, etc. Intas US specialty arm with expanding biosimilar commercial footprint.",US Medicare Part D / specialty conversion map for biosimilar exporters—who still scripts reference brands after formulary win.,Share PurpleGap demo with Accord US market access / brand leads.,https://www.prnewswire.com/news-releases/accord-biopharma-inc-announces-completion-of-udenyca-pegfilgrastim-cbqv-franchise-acquisition-from-coherus-biosciences-inc-expanding-us-biosimilar-portfolio-302427584.html; https://purplebooksearch.fda.gov/,A
Shanghai Henlius Biotech (Fosun),China Biosimilar Mfr (US path),China (US commercial partner: Organon),US Partner BD; Global Market Access; HEOR; Biosimilar Portfolio Lead,Unknown,Unknown,https://www.linkedin.com/company/shanghai-henlius-biotech,"Purple Book: Bildyos/Bilprevda (denosumab), Poherdy (pertuzumab). Organon US commercialization. Denosumab Prolia path is Part D–relevant; avoid heroing Part B–only infused oncology (Poherdy).",US Medicare Part D conversion map for biosimilar exporters — Bildyos/Prolia holdouts after formulary win; enable Organon pull-through.,PurpleGap demo for Henlius BD + Organon US partner teams.,https://www.prnewswire.com/apac/news-releases/us-food-and-drug-administration-fda-approves-henlius-and-organons-bildyos-denosumab-nxxp-and-bilprevda-denosumab-nxxp-biosimilars-to-prolia-denosumab-and-xgeva-denosumab-respectively-302543830.html; https://www.henlius.com/en/NewsDetails-5622-26.html,A
Bio-Thera Solutions,China Biosimilar Mfr (US path),China (US partners: Hikma for Starjemza; Avzivi commercial partner varies),US BD / Partner Management; Global Market Access; HEOR,Unknown,Unknown,https://www.linkedin.com/company/bio-thera-solutions,"Purple Book: Avzivi (bevacizumab), Starjemza (ustekinumab via Hikma US). Starjemza is Part D–relevant Stelara biosimilar—good exporter fit; deprioritize Avzivi Part B infused as hero.",Part D conversion map for Starjemza exporters/partners — who still scripts Stelara.,Demo video for US partner enablement (Hikma) + Bio-Thera BD.,https://www.prnewswire.com/news-releases/bio-thera-solutions-and-hikma-pharmaceuticals-announce-fda-approval-of-starjemza-ustekinumab-hmny-injection-a-biosimilar-referencing-stelara-ustekinumab-injection-302465378.html; https://purplebooksearch.fda.gov/,B
Lupin,India Biosimilar Mfr,India,US Biosimilars Commercial / Market Access; BD; HEOR; Brand Lead Armlupeg,Unknown,Unknown,https://www.linkedin.com/company/lupin,"Purple Book: Lupin Limited — Armlupeg (pegfilgrastim), Ranluspec (ranibizumab). Confirmed US FDA biosimilar path; Armlupeg specialty/Part B–leaning but company building US biosimilar commercial capability.",US conversion / specialty targeting support cheaper than IQVIA as Lupin scales US biosimilars; Part D tools where pharmacy-benefit applies.,PurpleGap demo for Lupin US biosimilars market access / BD.,https://www.lupin.com/investors/press-releases/lupin-receives-approval-from-u-s-fda-for-biosimilar-armlupeg-pegfilgrastim-unne; https://www.lupin.com/investors/press-releases/lupin-receives-approval-from-u-s-fda-for-ranluspec-tm-ranibizumab-injection; https://purplebooksearch.fda.gov/,B
Zydus Lifesciences,India Biosimilar Mfr,India,US Biosimilars BD; Market Access; Brand Lead Nufymco; HEOR,Unknown,Unknown,https://www.linkedin.com/company/zyduslifesciences,"Purple Book: Zydus Lifesciences Global FZE — Nufymco (ranibizumab interchangeable). Confirmed US path; ophthalmology often Part B—Priority B, use as pipeline/exporter BD outreach not Part B hero story.",US biosimilar exporter conversion intel (partner/provider targeting) cheaper than IQVIA; honest about Part B vs Part D mix.,Short PurpleGap overview for Zydus US biosimilar BD.,https://www.accessdata.fda.gov/drugsatfda_docs/appletter/2025/761473Orig1s000ltr.pdf; https://purplebooksearch.fda.gov/,B
Formycon AG,EU Biosimilar Mfr,Germany,US Partner BD; Market Access Strategy; HEOR; Biosimilar Portfolio Lead,Unknown,Unknown,https://www.linkedin.com/company/formycon-ag,Purple Book: Ahzantive (aflibercept). EU developer with FDA 351(k) path; typically partner-commercialized in US. Exporter BD fit; ophthalmology often Part B—keep as Priority B.,US partner enablement + conversion targeting cheaper than IQVIA; pair with Part D assets in pipeline if any.,PurpleGap demo for Formycon BD / US commercial partners.,https://purplebooksearch.fda.gov/; FDA Purple Book Ahzantive (aflibercept-mrbb) Formycon AG,B
Sunshine Lake Pharma (Langlara / Lanexa path),China Biosimilar Mfr (US path),China,US BD / Commercial Partner Lead; Market Access; Biosimilar Brand Lead (insulin glargine),Unknown,Unknown,Unknown,"Purple Book: Sunshine Lake Pharma Co., Ltd. — Langlara (insulin glargine interchangeable). High Part D relevance (Lantus conversion). Verify current US distributor (e.g., Lanexa) before outreach.",US Medicare Part D conversion map for insulin biosimilar exporters — who still scripts Lantus.,PurpleGap demo: Part D Lantus holdout map after formulary win.,https://purplebooksearch.fda.gov/; FDA approval Langlara insulin glargine-aldy (Sunshine Lake),A
Harrow,US Commercial Partner,USA (Nashville); Samsung Bioepis ophthalmology partner,Market Access; Brand Lead Byooviz/Opuviz; BD Partnerships; HEOR,Unknown,Unknown,https://www.linkedin.com/company/harrow-inc,"Exclusive US commercial rights to Samsung Bioepis Byooviz/Opuviz (ranibizumab/aflibercept). Ex-US origin product path; ophthalmology mostly Part B—Priority C, partner BD angle only.",Specialty conversion targeting support for biosimilar exporters' US partners; note Part B vs Part D honestly.,Optional PurpleGap overview if expanding into Part D–benefit biosimilars.,https://www.samsungbioepis.com/en/newsroom/newsroomView.do?currentPage=1&idx=484,C
Coherus Oncology (legacy biosimilar partners),US Commercial Partner,USA (sold Udenyca to Accord/Intas; prior Yusimry),BD / Alliance Management; residual biosimilar commercial contacts,Unknown,Unknown,https://www.linkedin.com/company/coherus-biosciences,Former US commercial biosimilar player (Udenyca→Accord; Yusimry history). Useful for partner/network intros to Accord and ex-US developers; Priority C as portfolio shifted to oncology focus.,Warm intro path to Accord/ex-US partners needing Part D conversion maps.,"If still connected to biosimilar alliances, share PurpleGap demo for partner enablement.",https://www.prnewswire.com/news-releases/accord-biopharma-inc-announces-completion-of-udenyca-pegfilgrastim-cbqv-franchise-acquisition-from-coherus-biosciences-inc-expanding-us-biosimilar-portfolio-302427584.html,C
Samsung Bioepis,Korea Biosimilar Mfr,South Korea,Head of Business Development (US); Alliance Management Organon/Harrow,Unknown,Unknown,https://www.linkedin.com/company/samsungbioepis,Partner-led US model (Organon immunology; Harrow ophthalmology). BD needs tools to help US partners convert Part D reference-brand scripts after formulary wins.,Give your US commercial partners a Part D conversion map cheaper than IQVIA.,Forward PurpleGap demo to Organon US biosimilars team + internal BD.,https://www.samsungbioepis.com/en/newsroom/newsroomView.do?currentPage=1&idx=484; https://www.organon.com/news/us-food-and-drug-administration-fda-grants-interchangeability-designation-to-samsung-bioepis-and-organon-hadlima-adalimumab-bwwd-injection/,A
Sandoz (Novartis),EU Biosimilar Mfr,Switzerland / EU,HEOR Lead Biosimilars US; Value & Access; Medical Affairs Biosimilars,Unknown,Unknown,https://www.linkedin.com/company/sandoz,Large US biosimilar commercial org; HEOR/access teams quantify conversion after formulary—CMS Part D + Purple Book layer is complementary to claims vendors.,Supplement IQVIA-style share with CMS Part D prescriber conversion map (CY2024 lag disclosed).,HEOR-friendly PurpleGap demo: methodology + Purple Book freshness + Part D lag caveat.,https://purplebooksearch.fda.gov/,B
Biocon Biologics,India Biosimilar Mfr,India (US commercial),HEOR / RWE Lead US; Value Evidence Biosimilars,Unknown,Unknown,https://www.linkedin.com/company/bioconbiologics,Semglee/Hulio/Yesintek need evidence of remaining reference-brand Medicare scripts for access and field targeting.,Part D conversion evidence layer after formulary win—transparent CMS CY2024 lag.,PurpleGap methodology demo for HEOR + market access.,https://bioconbiologicsus.com/,B
Celltrion USA (Celltrion Inc.),Korea Biosimilar Mfr,South Korea (US: New Jersey),Biosimilar Brand Lead Yuflyma; Brand Lead Omlyclo; Brand Lead Steqeyma,Unknown,Unknown,https://www.linkedin.com/company/celltrionusa,Brand leads own pull-through after PBM/formulary wins; need HCP lists of reference-brand persistors in Part D.,Who still scripts Humira/Xolair/Stelara in Medicare Part D—conversion map for field teams.,Brand-lead demo video: Part D conversion map post-formulary.,https://www.prnewswire.com/news-releases/us-fda-grants-interchangeable-designation-to-yuflyma-adalimumab-aaty-celltrions-biosimilar-to-humira-adalimumab-302428226.html,A
Accord BioPharma (Intas),India Biosimilar Mfr,India (US: Raleigh NC),BD for US Partners; Corporate Development; Alliance Management,Unknown,Unknown,https://www.linkedin.com/company/accord-biopharma,Intas/Accord acquiring and scaling US biosimilar assets (Udenyca). BD evaluating more ex-US in-licensing—PurpleGap as conversion enablement for US launches.,For each US biosimilar launch: Part D conversion map cheaper than IQVIA.,BD-oriented PurpleGap demo: exporter → US launch conversion workflow.,https://www.prnewswire.com/news-releases/accord-biopharma-announces-agreement-by-intas-pharmaceuticals-ltd-to-acquire-udenyca-pegfilgrastim-cbqv-business-from-coherus-biosciences-inc-unlocking-potential-for-continued-us-growth-302320891.html,B
Fresenius Kabi USA,EU Biosimilar Mfr,Germany (US commercial),Biosimilar Brand Lead Idacio; Brand Lead Otulfi; Payer Account Director,Unknown,Unknown,https://www.linkedin.com/company/fresenius-kabi,Idacio/Otulfi compete in Part D–relevant immunology. Brand/payer teams need prescriber conversion lists after wins.,Post-formulary Part D conversion map — Humira/Stelara holdouts.,Field/access demo video for Idacio/Otulfi conversion.,https://biosimilars.fresenius-kabi.com/portfolio/products,A
Teva Pharmaceuticals,US Commercial Partner,Israel / US,BD Alvotech Alliance; US Partner Management Biosimilars,Unknown,Unknown,https://www.linkedin.com/company/teva-pharmaceuticals,Strategic Alvotech partnership for Simlandi/Selarsdi. Alliance managers benefit from shared Part D conversion tooling.,Joint Teva–Alvotech Part D conversion map after formulary win.,Alliance/BD demo: PurpleGap Part D conversion for Simlandi/Selarsdi.,https://www.biospace.com/press-releases/teva-and-alvotech-announce-selarsdi-ustekinumab-aekn-injection-now-available-in-the-u-s,B
Amneal Pharmaceuticals,US Commercial Partner,USA,BD / In-licensing Biosimilars; HEOR Biosciences,Unknown,Unknown,https://www.linkedin.com/company/amneal-pharmaceuticals,Actively building biosimilars/complex portfolio (denosumab with mAbxience). BD + HEOR need US Part D conversion evidence for new launches.,Part D conversion evidence for Boncresa launch targeting—cheaper than IQVIA.,PurpleGap demo for Amneal Biosciences access/BD.,https://amnealbiosciences.com/pipeline/; https://biologicshq.com/product/boncresa-oziltus/,B
Shanghai Henlius Biotech (Fosun),China Biosimilar Mfr (US path),China,HEOR / Global Value Evidence; US Partner Enablement (Organon),Unknown,Unknown,https://www.linkedin.com/company/shanghai-henlius-biotech,China-origin biosimilars with Organon US path; HEOR can use CMS Part D denosumab (Bildyos) conversion framing without making Part B–infused Poherdy the hero.,Bildyos Part D conversion map for US partner Organon—transparent data lag.,Partner-enablement PurpleGap demo for Henlius + Organon.,https://www.prnewswire.com/apac/news-releases/us-food-and-drug-administration-fda-approves-henlius-and-organons-bildyos-denosumab-nxxp-and-bilprevda-denosumab-nxxp-biosimilars-to-prolia-denosumab-and-xgeva-denosumab-respectively-302543830.html,B
