npi,providerName,state,specialty,brandName,genericName,family,totClaims,totDrugCost,totBenes,biosimilarShare,note
1376072413,Maranda Dillon,MS,Nurse Practitioner,Stelara,Ustekinumab,ustekinumab,656,18029508.61,100,,REAL CMS Part D CY2024 filtered sample for outreach — not patient PHI
1114569431,Donna Ortiz,FL,Nurse Practitioner,Stelara,Ustekinumab,ustekinumab,458,12650234.91,56,,REAL CMS Part D CY2024 filtered sample for outreach — not patient PHI
1184958415,Anne Marie Holly,NY,Physician Assistant,Humira(Cf) Pen,Adalimumab,adalimumab,902,8430592.82,190,,REAL CMS Part D CY2024 filtered sample for outreach — not patient PHI
1497021331,Vanessa Mendez,FL,Gastroenterology,Stelara,Ustekinumab,ustekinumab,294,7767856.47,54,,REAL CMS Part D CY2024 filtered sample for outreach — not patient PHI
1225227507,Udayakumar Navaneethan,FL,Gastroenterology,Stelara,Ustekinumab,ustekinumab,265,7079031.48,34,,REAL CMS Part D CY2024 filtered sample for outreach — not patient PHI
1013113364,Nitin Gupta,GA,Gastroenterology,Stelara,Ustekinumab,ustekinumab,245,6689897.81,43,,REAL CMS Part D CY2024 filtered sample for outreach — not patient PHI
1588649693,Douglas Wolf,GA,Gastroenterology,Stelara,Ustekinumab,ustekinumab,241,6649117.96,32,,REAL CMS Part D CY2024 filtered sample for outreach — not patient PHI
1679970271,Elizabeth Harding,SC,Physician Assistant,Stelara,Ustekinumab,ustekinumab,202,6617788.31,41,,REAL CMS Part D CY2024 filtered sample for outreach — not patient PHI
1811017353,Jason Schairer,MI,Gastroenterology,Stelara,Ustekinumab,ustekinumab,253,6503463.46,34,,REAL CMS Part D CY2024 filtered sample for outreach — not patient PHI
1972811974,Parakkal Deepak,MO,Gastroenterology,Stelara,Ustekinumab,ustekinumab,219,6052125.97,27,,REAL CMS Part D CY2024 filtered sample for outreach — not patient PHI
1154860138,Megan Pearce,FL,Nurse Practitioner,Stelara,Ustekinumab,ustekinumab,221,5857794.52,40,,REAL CMS Part D CY2024 filtered sample for outreach — not patient PHI
1568992030,Wilfredo Villarrubia,SC,Physician Assistant,Humira(Cf) Pen,Adalimumab,adalimumab,640,5683210.94,132,,REAL CMS Part D CY2024 filtered sample for outreach — not patient PHI
1013467745,Andrea Banty,CA,Nurse Practitioner,Stelara,Ustekinumab,ustekinumab,203,5682594.06,32,,REAL CMS Part D CY2024 filtered sample for outreach — not patient PHI
1417047259,Alison Kerekes,NC,Physician Assistant,Stelara,Ustekinumab,ustekinumab,214,5493993.69,35,,REAL CMS Part D CY2024 filtered sample for outreach — not patient PHI
1538326970,David Hudesman,NY,Gastroenterology,Stelara,Ustekinumab,ustekinumab,207,5450278.85,23,,REAL CMS Part D CY2024 filtered sample for outreach — not patient PHI
1871576900,Esther Torres,PR,Gastroenterology,Stelara,Ustekinumab,ustekinumab,194,5344212.13,34,,REAL CMS Part D CY2024 filtered sample for outreach — not patient PHI
1265789598,Amanda Matthews,TX,Physician Assistant,Humira(Cf) Pen,Adalimumab,adalimumab,688,5337136.57,101,,REAL CMS Part D CY2024 filtered sample for outreach — not patient PHI
1447965108,Matthew Mccoy,MS,Physician Assistant,Stelara,Ustekinumab,ustekinumab,192,5282689.85,26,,REAL CMS Part D CY2024 filtered sample for outreach — not patient PHI
1912024373,Ellen Scherl,NY,Gastroenterology,Stelara,Ustekinumab,ustekinumab,187,5189655.02,28,,REAL CMS Part D CY2024 filtered sample for outreach — not patient PHI
1720088057,Michael Babilonia Roman,PR,Internal Medicine,Humira(Cf) Pen,Adalimumab,adalimumab,734,5086154.8,68,,REAL CMS Part D CY2024 filtered sample for outreach — not patient PHI
1538137989,Charles King,MS,Rheumatology,Humira Pen,Adalimumab,adalimumab,744,5069969.36,110,,REAL CMS Part D CY2024 filtered sample for outreach — not patient PHI
1811987407,Vicki Allen,SC,Physician Assistant,Stelara,Ustekinumab,ustekinumab,158,5063386.04,31,,REAL CMS Part D CY2024 filtered sample for outreach — not patient PHI
1639579196,Amy Stuffelbeam,KY,Physician Assistant,Stelara,Ustekinumab,ustekinumab,189,4923608.86,26,,REAL CMS Part D CY2024 filtered sample for outreach — not patient PHI
1285628511,Richard Rood,MO,Gastroenterology,Stelara,Ustekinumab,ustekinumab,176,4885696.25,26,,REAL CMS Part D CY2024 filtered sample for outreach — not patient PHI
1457550782,Heba Iskandar,GA,Gastroenterology,Stelara,Ustekinumab,ustekinumab,179,4855534.75,24,,REAL CMS Part D CY2024 filtered sample for outreach — not patient PHI
